{"id_resultado": 0, "argumentos_menu": {"opc_1": "2", "opc_2": "1"}, "ban_exi_ruta": true, "ban_exi_archivo": true, "reglas": [{"id": 1, "name": "quita espacios", "funcion": "TRIM", "id_funcion": 17, "opc": null}, {"id": 2, "name": "minusculas", "funcion": "LOWER", "id_funcion": 2, "opc": null}, {"id": 3, "name": "quita caracteres especiales", "funcion": "REPLACE_LIST", "id_funcion": 6, "opc": [{"busqueda": ["#", "$", "%", "&", "/"], "remplazo": ""}]}, {"id": 4, "name": "formato fecha", "funcion": "TO_DATE", "id_funcion": 12, "opc": "YYYY-MM-DD"}, {"id": 5, "name": "abreviaturas", "funcion": "REPLACE", "id_funcion": 6, "opc": [{"busqueda": "mex.", "remplazo": "mexico"}, {"busqueda": "mex", "remplazo": "mexico"}, {"busqueda": "edo", "remplazo": "estado"}, {"busqueda": "av.", "remplazo": "avenida"}, {"busqueda": "ave.", "remplazo": "avenida"}]}], "separador": "^", "encabezado": true, "archivo": {"id_archivo": 1, "ruta_src": "/dev/la/la_nssa/CAT_UMF/", "ruta_tgt": "/dev/la/lt_nssa/CAT_UMF/", "nombre": "part-m-00000", "separador": "^", "encabezado": true}}