{
  "Reglas": [
    {
      "id": 1,
      "name": "quita espacios",
      "funcion": "TRIM",
      "id_funcion": 17,
      "opc":null
    },
    {
      "id": 2,
      "name": "minusculas",
      "funcion": "LOWER",
      "id_funcion": 2,
      "opc":null
    },
    {
      "id": 3,
      "name": "quita caracteres especiales",
      "funcion": "REPLACE_LIST",
      "id_funcion": 6,
      "opc":[{"busqueda": ["#","$","%","&","/"], "remplazo": ""}]
    },
    {
      "id": 4, 
      "name": "formato fecha",
      "funcion": "TO_DATE",
      "id_funcion": 12,
      "opc":"YYYY-MM-DD"
    },
    {
      "id": 5,
      "name": "abreviaturas",
      "funcion": "REPLACE",
      "id_funcion": 6,
      "opc":[{"busqueda": "mex.", "remplazo": "mexico"},
             {"busqueda": "mex", "remplazo": "mexico"},
             {"busqueda": "edo", "remplazo": "estado"},
             {"busqueda": "av.", "remplazo": "avenida"},
             {"busqueda": "ave.", "remplazo": "avenida"}
             
               ]
    }    
  ]
}
